,name,time,psnr
0,original,0.391937145,33.59586715698242
1,average,0.391937145,33.59586715698242
